Model,Accuracy,F1-Score,ROC-AUC
MLP,0.996001221001221,0.996007633611366,0.9999707244131372
LSTM,0.9961233211233211,0.9961292989808264,0.9999663476039349
CNN1D,0.9884310134310135,0.9884301026805107,0.9994829962233767
